<?xml version="1.0" encoding="UTF-8" standalone="yes"?>
<addon id="script.activateinput"
       name="Activar Inputstream"
       version="0.0.1"
       provider-name="Equipo Chopo">
  <requires>
    <import addon="xbmc.python" version="2.1.0"/>	
    </requires>
  <extension point="xbmc.python.pluginsource" library="default.py">
	<provides>executable</provides>
  </extension>
  <extension point="xbmc.service" library="startup.py" start="startup" />

	
	
  <extension point="xbmc.addon.metadata">
    <platform>all</platform>
    <summary>Activar Inputstream</summary>
    <description>Activar Inputstream</description>
    <language></language>
    <license></license>
    <source></source>
    <forum></forum>
    <website></website>
  </extension>
</addon>