<?xml version="1.0" encoding="UTF-8" standalone="yes"?>
<addon id="script.advancedtools" name="Advanced Tools" version="0.0.1" provider-name="Titan">
 <requires>
    <import addon="xbmc.python" version="2.1.0"/>
    <import addon="script.module.pyxbmct" />
    <import addon="script.module.requests" />
  </requires>
    <extension point="xbmc.python.pluginsource" library="default.py">
        <provides>executable</provides>
    </extension>

    <extension point="xbmc.addon.repository" name="Advanced Tools Repo">
		<info>https://raw.githubusercontent.com/AdvancedTools/Repositorio/master/Repositorio/addons.xml</info>
		<checksum>https://raw.githubusercontent.com/AdvancedTools/Repositorio/master/Repositorio/addons.xml.md5</checksum>
		<datadir zip="true">https://raw.githubusercontent.com/AdvancedTools/Repositorio/master/Repositorio/</datadir>
	  </extension>

    <extension point="xbmc.service" library="startup.py" start="startup" />
    <extension point="xbmc.addon.metadata">
    <platform>all</platform>
		<summary>La herramienta definitiva para Kodi</summary>
    <description>La herramienta definitiva para Kodi</description>
    <disclaimer>La herramienta definitiva para Kodi</disclaimer>
    </extension>
</addon>